Englisch, Deutsch
a,ein
abandon,aufgeben
ability,Fähigkeit
able,fähig
abortion,Abbruch
about,um
above,Oben
abroad,im Ausland
absence,Abwesenheit
absolute,absolut
absolutely,unbedingt
absorb,absorbieren
abuse,Missbrauch
academic,akademisch
accept,annehmen
access,Zugang
accident,Unfall
accompany,begleiten
accomplish,erreichen
according,gemäß
account,Konto
accurate,genau
accuse,beschuldigen
achieve,erreichen
achievement,Leistung
acid,Säure
acknowledge,anerkennen
acquire,erwerben
across,über
act,Handlung
action,Aktion
active,aktiv
activist,Aktivist
activity,Aktivität
actor,Schauspieler
actress,Darstellerin
actual,tatsächlich
actually,eigentlich
ad,Anzeige
adapt,sich anpassen
add,hinzufügen
addition,Zusatz
additional,zusätzlich
address,die Anschrift
adequate,angemessen
adjust,anpassen
adjustment,Einstellung
administration,Verwaltung
administrator,Administrator
admire,bewundern
admission,Eintritt
admit,zugeben
adolescent,Jugendlicher
adopt,adoptieren
adult,Erwachsene
advance,Vorauszahlung
advanced,fortschrittlich
advantage,Vorteil
adventure,Abenteuer
advertising,Werbung
advice,Rat
advise,beraten
adviser,Berater
advocate,Fürsprecher
affair,Affäre
affect,beeinträchtigen
afford,sich leisten
afraid,besorgt
African,afrikanisch
African-American,Afroamerikaner
after,nach
afternoon,Nachmittag
again,wieder
against,gegen
age,das Alter
agency,Agentur
agenda,Agenda
agent,Agent
aggressive,aggressiv
ago,vor
agree,zustimmen
agreement,Zustimmung
agricultural,landwirtschaftlich
ah,Ah
ahead,voraus
aid,Hilfe
aide,Berater
AIDS,AIDS
aim,Ziel
air,Luft
aircraft,Flugzeug
airline,Fluggesellschaft
airport,Flughafen
album,Album
alcohol,Alkohol
alive,am Leben
all,alle
alliance,Allianz
allow,ermöglichen
ally,Verbündete
almost,fast
alone,allein
along,eine lange
already,schon
also,Auch
alter,ändern
alternative,Alternative
although,obwohl
always,stets
AM,BIN
amazing,toll
American,amerikanisch
among,unter
amount,Menge
analysis,Analyse
analyst,Analytiker
analyze,analysieren
ancient,alt
and,und
anger,Wut
angle,Winkel
angry,wütend
animal,Tier
anniversary,Jubiläum
announce,bekannt geben
annual,jährlich
another,Ein weiterer
answer,Antworten
anticipate,antizipieren
anxiety,Angst
any,irgendein
anybody,irgendjemand
anymore,mehr
anyone,jeder
anything,irgendetwas
anyway,ohnehin
anywhere,irgendwo
apart,ein Teil
apartment,Wohnung
apparent,ersichtlich
apparently,offenbar
appeal,appellieren
appear,erscheinen
appearance,Aussehen
apple,Apfel
application,Anwendung
apply,anwenden
appoint,ernennen
appointment,geplanter Termin
appreciate,im Wert steigen
approach,sich nähern
appropriate,angemessen
approval,die Genehmigung
approve,genehmigen
approximately,etwa
Arab,Araber
architect,Architekt
area,Bereich
argue,streiten
argument,Streit
arise,entstehen
arm,Arm
armed,bewaffnet
army,Heer
around,um
arrange,arrangieren
arrangement,Anordnung
arrest,Festnahme
arrival,Ankunft
arrive,ankommen
art,Kunst
article,Artikel
artist,Künstler
artistic,künstlerisch
as,wie
Asian,asiatisch
aside,beiseite
ask,Fragen
asleep,schlafend
aspect,Aspekt
assault,Angriff
assert,behaupten
assess,bewerten
assessment,Bewertung
asset,Anlage
assign,zuordnen
assignment,Abtretung
assist,helfen
assistance,Hilfe
assistant,Assistent
associate,assoziieren
association,Verband
assume,davon ausgehen
assumption,Annahme
assure,versichern
at,bei
athlete,Athlet
athletic,sportlich
atmosphere,Atmosphäre
attach,anfügen
attack,Attacke
attempt,versuchen
attend,teilnehmen
attention,Aufmerksamkeit
attitude,Attitüde
attorney,Rechtsanwalt
attract,anlocken
attractive,attraktiv
attribute,Attribut
audience,Publikum
author,Autor
authority,Behörde
auto,Auto
available,verfügbar
average,Durchschnitt
avoid,vermeiden
award,vergeben
aware,bewusst
awareness,Bewusstsein
away,ein Weg
awful,furchtbar
baby,Baby
back,der Rücken
background,Hintergrund
bad,Schlecht
badly,schlecht
bag,Tasche
bake,backen
balance,Gleichgewicht
ball,Ball
ban,Verbot
band,Band
bank,Bank
bar,Bar
barely,kaum
barrel,Fass
barrier,Barriere
base,Base
baseball,Baseball
basic,Basic
basically,Grundsätzlich
basis,Basis
basket,Korb
basketball,Basketball
bathroom,Bad
battery,Batterie
battle,Schlacht
be,sein
beach,Strand
bean,Bohne
bear,Bär
beat,schlagen
beautiful,schön
beauty,Schönheit
because,Weil
become,werden
bed,Bett
bedroom,Schlafzimmer
beer,Bier
before,Vor
begin,Start
beginning,Anfang
behavior,Verhalten
behind,hinter
being,Sein
belief,Glauben
believe,glauben
bell,Glocke
belong,gehören
below,unter
belt,Gürtel
bench,Bank
bend,Biege
beneath,unter
benefit,Nutzen
beside,neben
besides,Außerdem
best,Beste
bet,Wette
better,besser
between,zwischen
beyond,Darüber hinaus
Bible,Bibel
big,groß
bike,Fahrrad
bill,Rechnung
billion,Milliarde
bind,binden
biological,biologisch
bird,Vogel
birth,Geburt
birthday,Geburtstag
bit,bisschen
bite,beissen
black,Schwarz
blade,Klinge
blame,Schuld
blanket,Decke
blind,blind
block,Block
blood,Blut
blow,Schlag
blue,blau
board,Tafel
boat,Boot
body,Karosserie
bomb,Bombe
bombing,Bombardierung
bond,Bindung
bone,Knochen
book,Buchen
boom,Boom
boot,Stiefel
border,Grenze
born,geboren
borrow,ausleihen
boss,Chef
both,beide
bother,sich kümmern
bottle,Flasche
bottom,Unterseite
boundary,Grenze
bowl,Schüssel
box,Kasten
boy,Junge
boyfriend,Freund
brain,Gehirn
branch,Zweig
brand,Marke
bread,brot
break,Unterbrechung
breakfast,Frühstück
breast,Brust
breath,Atem
breathe,atmen
brick,Backstein
bridge,Brücke
brief,knapp
briefly,knapp
bright,hell
brilliant,brillant
bring,bringen
British,britisch
broad,breit
broken,gebrochen
brother,Bruder
brown,braun
brush,Bürste
buck,Bock
budget,Budget
build,bauen
building,Gebäude
bullet,Patrone
bunch,Bündel
burden,Last
burn,brennen
bury,begraben
bus,Bus
business,Geschäft
busy,belebt
but,aber
butter,Butter
button,Taste
buy,Kaufen
buyer,Käufer
by,durch
cabin,Kabine
cabinet,Kabinett
cable,Kabel
cake,Kuchen
calculate,Berechnung
call,Anruf
camera,Kamera
camp,Lager
campaign,Kampagne
campus,Campus
can,kann
Canadian,kanadisch
cancer,Krebs
candidate,Kandidat
cap,Deckel
capability,Fähigkeit
capable,fähig
capacity,Kapazität
capital,Hauptstadt
captain,Kapitän
capture,Erfassung
car,Wagen
carbon,Kohlenstoff
card,Karte
care,Pflege
career,Werdegang
careful,Vorsichtig
carefully,sorgfältig
carrier,Träger
carry,tragen
case,Fall
cash,Kasse
cast,gießen
cat,Katze
catch,Fang
category,Kategorie
Catholic,katholisch
cause,weil
ceiling,Decke
celebrate,zelebrieren
celebration,Feier
celebrity,Berühmtheit
cell,Zelle
center,Center
central,zentral
century,Jahrhundert
CEO,Vorsitzender
ceremony,Zeremonie
certain,sicher
certainly,sicherlich
chain,Kette
chair,Stuhl
chairman,Vorsitzende
challenge,Herausforderung
chamber,Kammer
champion,Champion
championship,Meisterschaft
chance,Chance
change,Rückgeld
changing,Ändern
channel,Kanal
chapter,Kapitel
character,Charakter
characteristic,charakteristisch
characterize,charakterisieren
charge,aufladen
charity,Wohltätigkeit
chart,Diagramm
chase,Verfolgungsjagd
cheap,billig
check,überprüfen
cheek,Wange
cheese,Käse
chef,Koch
chemical,chemisch
chest,Truhe
chicken,Hähnchen
chief,Chef
child,Kind
childhood,Kindheit
Chinese,Chinesisch
chip,Chip
chocolate,Schokolade
choice,Auswahl
cholesterol,Cholesterin
choose,wählen
Christian,Christian
Christmas,Weihnachten
church,Kirche
cigarette,Zigarette
circle,Kreis
circumstance,Umstand
cite,zitieren
citizen,Bürger
city,Stadt
civil,bürgerlich
civilian,Zivilist
claim,Klage
class,Klasse
classic,klassisch
classroom,Klassenzimmer
clean,sauber
clear,klar
clearly,deutlich
client,Klient
climate,Klima
climb,steigen
clinic,Klinik
clinical,klinisch
clock,Uhr
close,nah dran
closely,eng
closer,näher
clothes,Kleidung
clothing,Kleidung
cloud,Wolke
club,Verein
clue,Hinweis
cluster,Cluster
coach,Coach
coal,Kohle
coalition,Koalition
coast,Küste
coat,Mantel
code,Code
coffee,Kaffee
cognitive,kognitiv
cold,kalt
collapse,Zusammenbruch
colleague,Kollege
collect,sammeln
collection,Sammlung
collective,kollektiv
college,Uni
colonial,kolonial
color,Farbe
column,Säule
combination,Kombination
combine,kombinieren
come,Kommen Sie
comedy,Komödie
comfort,Komfort
comfortable,gemütlich
command,Befehl
commander,Kommandant
comment,Kommentar
commercial,kommerziell
commission,Kommission
commit,verpflichten
commitment,Verpflichtung
committee,Komitee
common,gemeinsames
communicate,kommunizieren
communication,Kommunikation
community,Gemeinschaft
company,Gesellschaft
compare,vergleichen
comparison,Vergleich
compete,wetteifern
competition,Wettbewerb
competitive,wettbewerbsfähig
competitor,Wettbewerber
complain,beschweren
complaint,Beschwerde
complete,Komplett
completely,vollständig
complex,Komplex
complicated,kompliziert
component,Komponente
compose,komponieren
composition,Komposition
comprehensive,umfassend
computer,Computer
concentrate,konzentrieren
concentration,Konzentration
concept,Konzept
concern,Anliegen
concerned,betroffen
concert,Konzert
conclude,daraus schließen
conclusion,Fazit
concrete,Beton
condition,Bedingung
conduct,Verhalten
conference,Konferenz
confidence,Vertrauen
confident,zuversichtlich
confirm,bestätigen
conflict,Konflikt
confront,konfrontieren
confusion,Verwirrtheit
Congress,Kongress
congressional,Kongress-
connect,verbinden
connection,Verbindung
consciousness,Bewusstsein
consensus,Konsens
consequence,Folge
conservative,konservativ
consider,Erwägen
considerable,beträchtlich
consideration,Rücksichtnahme
consist,bestehen
consistent,konsistent
constant,Konstante
constantly,ständig
constitute,bilden
constitutional,konstitutionell
construct,konstruieren
construction,Konstruktion
consultant,Berater
consume,verbrauchen
consumer,Verbraucher
consumption,Verbrauch
contact,Kontakt
contain,enthalten
container,Container
contemporary,zeitgenössisch
content,Inhalt
contest,Wettbewerb
context,Kontext
continue,fortsetzen
continued,Fortsetzung
contract,Vertrag
contrast,Kontrast
contribute,beitragen
contribution,Beitrag
control,Kontrolle
controversial,umstritten
controversy,Kontroverse
convention,Konvention
conventional,konventionell
conversation,Gespräch
convert,Konvertieren
conviction,Überzeugung
convince,überzeugen
cook,Koch
cookie,Plätzchen
cooking,Kochen
cool,Kalt
cooperation,Zusammenarbeit
cop,Polizist
cope,bewältigen
copy,Kopieren
core,Ader
corn,Mais
corner,Ecke
corporate,Unternehmen
corporation,Konzern
correct,Korrekt
correspondent,Korrespondent
cost,kosten
cotton,Baumwolle
couch,Couch
could,könnte
council,Rat
counselor,Berater
count,zählen
counter,Zähler
country,Land
county,Bezirk
couple,Paar
courage,Mut
course,Kurs
court,Gericht
cousin,Cousin
cover,Startseite
coverage,Berichterstattung
cow,Kuh
crack,Riss
craft,Boot
crash,Absturz
crazy,verrückt
cream,Creme
create,schaffen
creation,Schaffung
creative,kreativ
creature,Kreatur
credit,Anerkennung
crew,Besatzung
crime,Verbrechen
criminal,kriminell
crisis,Krise
criteria,Kriterien
critic,Kritiker
critical,kritisch
criticism,Kritik
criticize,kritisieren
crop,Ernte
cross,Kreuz
crowd,Menge
crucial,zentral
cry,Schrei
cultural,kulturell
culture,Kultur
cup,Tasse
curious,neugierig
current,aktuell
currently,zur Zeit
curriculum,Lehrplan
custom,Brauch
customer,Kunde
cut,schneiden
cycle,Kreislauf
dad,Papa
daily,Täglich
damage,Schaden
dance,tanzen
danger,Achtung
dangerous,gefährlich
dare,Wagen
dark,dunkel
darkness,Dunkelheit
data,Daten
date,Datum
daughter,Tochter
day,Tag
dead,tot
deal,handeln
dealer,Händler
dear,Liebling
death,Tod
debate,Debatte
debt,Schuld
decade,Jahrzehnt
decide,sich entscheiden
decision,Entscheidung
deck,Deck
declare,erklären
decline,Abfall
decrease,Verringerung
deep,tief
deeply,tief
deer,Hirsch
defeat,Verlust
defend,verteidigen
defendant,Beklagte
defense,Verteidigung
defensive,Defensive
deficit,Defizit
define,definieren
definitely,bestimmt
definition,Definition
degree,Grad
delay,Verzögerung
deliver,liefern
delivery,Lieferung
demand,fordern
democracy,Demokratie
Democrat,Demokrat
democratic,demokratisch
demonstrate,zeigen
demonstration,Demonstration
deny,leugnen
department,Abteilung
depend,abhängen
dependent,abhängig
depending,abhängig
depict,abbilden
depression,Depression
depth,Tiefe
deputy,Stellvertreter
derive,ableiten
describe,beschreiben
description,Bezeichnung
desert,Wüste
deserve,verdienen
design,Entwurf
designer,Designer
desire,Verlangen
desk,Schreibtisch
desperate,verzweifelt
despite,Trotz
destroy,zerstören
destruction,Zerstörung
detail,Detail
detailed,detailliert
detect,erkennen
determine,bestimmen
develop,sich entwickeln
developing,Entwicklung
development,Entwicklung
device,Gerät
devote,widmen
dialogue,Dialog
die,sterben
diet,Diät
differ,abweichen
difference,Unterschied
different,anders
differently,anders
difficult,schwierig
difficulty,Schwierigkeit
dig,graben
digital,Digital
dimension,Abmessungen
dining,Essen
dinner,Abendessen
direct,Direkte
direction,Richtung
directly,direkt
director,Direktor
dirt,Schmutz
dirty,schmutzig
disability,Behinderung
disagree,nicht zustimmen
disappear,verschwinden
disaster,Katastrophe
discipline,Disziplin
discourse,Diskurs
discover,entdecken
discovery,Entdeckung
discrimination,Diskriminierung
discuss,diskutieren
discussion,Diskussion
disease,Erkrankung
dish,Gericht
dismiss,zurückweisen
disorder,Störung
display,Anzeige
dispute,Disput
distance,Distanz
distant,entfernt
distinct,unterscheidbar
distinction,Unterscheidung
distinguish,unterscheiden
distribute,verteilen
distribution,Verteilung
district,Bezirk
diverse,vielfältig
diversity,Diversität
divide,teilen
division,Aufteilung
divorce,Scheidung
DNA,DNA
do,tun
doctor,Arzt
document,dokumentieren
dog,Hund
domestic,inländisch
dominant,Dominant
dominate,dominieren
door,Tür
double,doppelt
doubt,Zweifel
down,Nieder
downtown,Innenstadt
dozen,Dutzend
draft,Entwurf
drag,ziehen
drama,Theater
dramatic,dramatisch
dramatically,dramatisch
draw,zeichnen
drawing,Zeichnung
dream,Traum
dress,Kleid
drink,Getränk
drive,Fahrt
driver,Treiber
drop,fallen
drug,Arzneimittel
dry,trocken
due,fällig
during,während
dust,Staub
duty,Pflicht
each,jeder
eager,erpicht
ear,Ohr
early,frühzeitig
earn,verdiene
earnings,Verdienste
earth,Erde
ease,Leichtigkeit
easily,leicht
east,Ost
eastern,Ost
easy,einfach
eat,Essen
economic,wirtschaftlich
economics,Wirtschaft
economist,Ökonom
economy,Wirtschaft
edge,Kante
edition,Auflage
editor,Editor
educate,erziehen
education,Ausbildung
educational,lehrreich
educator,Erzieher
effect,Wirkung
effective,Wirksam
effectively,effektiv
efficiency,Effizienz
efficient,effizient
effort,Anstrengung
egg,Ei
eight,acht
either,entweder
elderly,Alten
elect,wählen
election,Wahl
electric,elektrisch
electricity,Elektrizität
electronic,elektronisch
element,Element
elementary,elementar
eliminate,beseitigen
elite,Elite
else,anders
elsewhere,anderswo
e-mail,Email
embrace,Umarmung
emerge,auftauchen
emergency,Notfall
emission,Emission
emotion,Emotion
emotional,emotional
emphasis,Hervorhebung
emphasize,betonen
employ,beschäftigen
employee,Angestellter
employer,Arbeitgeber
employment,Beschäftigung
empty,leer
enable,ermöglichen
encounter,begegnen
encourage,ermutigen
end,Ende
enemy,Feind
energy,Energie
enforcement,Durchsetzung
engage,engagieren
engine,Motor
engineer,Techniker
engineering,Ingenieurwesen
English,Englisch
enhance,erweitern
enjoy,Viel Spaß
enormous,enorm
enough,genügend
ensure,dafür sorgen
enter,Eintreten
enterprise,Unternehmen
entertainment,Entertainment
entire,gesamte
entirely,völlig
entrance,Eingang
entry,Eintrag
environment,Umgebung
environmental,Umwelt
episode,Folge
equal,gleich
equally,gleichermaßen
equipment,Ausrüstung
era,Epoche
error,Error
escape,Flucht
especially,besonders
essay,Aufsatz
essential,wesentlich
essentially,im Wesentlichen
establish,Gründen
establishment,Einrichtung
estate,Anwesen
estimate,schätzen
etc,etc
ethics,Ethik
ethnic,ethnisch
European,europäisch
evaluate,auswerten
evaluation,Auswertung
even,eben
evening,Abend
event,Veranstaltung
eventually,letztlich
ever,je
every,jeder
everybody,alle
everyday,täglich
everyone,alle
everything,alles
everywhere,"überall, überallhin, allerorts"
evidence,Beweis
evolution,Evolution
evolve,sich entwickeln
exact,genau
exactly,exakt
examination,Untersuchung
examine,untersuchen
example,Beispiel
exceed,überschreiten
excellent,Ausgezeichnet
except,außer
exception,Ausnahme
exchange,Austausch
exciting,aufregend
executive,Executive
exercise,Übung
exhibit,Ausstellungsstück
exhibition,Ausstellung
exist,existieren
existence,Existenz
existing,vorhandenen
expand,erweitern
expansion,Erweiterung
expect,erwarten von
expectation,Erwartung
expense,Kosten
expensive,teuer
experience,Erfahrung
experiment,Experiment
expert,Experte
explain,erklären
explanation,Erläuterung
explode,explodieren
explore,erforschen
explosion,Explosion
expose,entlarven
exposure,Exposition
express,ausdrücken
expression,Ausdruck
extend,erweitern
extension,Verlängerung
extensive,umfangreich
extent,Ausmaß
external,extern
extra,extra
extraordinary,außerordentlich
extreme,extrem
extremely,äußerst
eye,Auge
fabric,Stoff
face,Gesicht
facility,Einrichtung
fact,Tatsache
factor,Faktor
factory,Fabrik
faculty,Fakultät
fade,verblassen
fail,scheitern
failure,Versagen
fair,Messe
fairly,ziemlich
faith,Glaube
fall,Herbst
FALSE,FALSCH
familiar,vertraut
family,Familie
famous,berühmt
fan,Fan
fantasy,Fantasie
far,weit
farm,Bauernhof
farmer,Bauer
fashion,Mode
fast,schnell
fat,fett
fate,das Schicksal
father,Vater
fault,Fehler
favor,favorisieren
favorite,Favorit
fear,Furcht
feature,Besonderheit
federal,Bundes
fee,Gebühr
feed,Einspeisung
feel,Gefühl
feeling,Gefühl
fellow,Gefährte
female,weiblich
fence,Zaun
few,wenig
fewer,weniger
fiber,Faser
fiction,Fiktion
field,aufstellen
fifteen,fünfzehn
fifth,fünfte
fifty,fünfzig
fight,Kampf
fighter,Kämpfer
fighting,Kampf
figure,Zahl
file,Datei
fill,füllen
film,Film
final,Finale
finally,endlich
finance,Finanzen
financial,finanziell
find,finden
finding,finden
fine,fein
finger,Finger
finish,Fertig
fire,Feuer
firm,Feste
first,Erste
fish,Fische
fishing,Angeln
fit,fit
fitness,Fitness
five,fünf
fix,Fix
flag,Flagge
flame,Flamme
flat,eben
flavor,Geschmack
flee,fliehen
flesh,Fleisch
flight,Flug
float,schweben
floor,Boden
flow,fließen
flower,Blume
fly,fliegen
focus,Fokus
folk,Volk
follow,Folgen
following,folgen
food,Lebensmittel
foot,Fuß
football,Fußball
for,zum
force,Macht
foreign,ausländisch
forest,Wald
forever,bis in alle Ewigkeit
forget,vergessen
form,bilden
formal,formell
formation,Formation
former,ehemalige
formula,Formel
forth,weiter
fortune,Reichtum
forward,nach vorne
found,gefunden
foundation,Stiftung
founder,Gründer
four,vier
fourth,vierte
frame,rahmen
framework,Rahmen
free,frei
freedom,Freiheit
freeze,einfrieren
French,Französisch
frequency,Frequenz
frequent,häufig
frequently,häufig
fresh,frisch
friend,Freund
friendly,freundlich
friendship,Freundschaft
from,aus
front,Vorderseite
fruit,Obst
frustration,Frustration
fuel,Treibstoff
full,voll
fully,völlig
fun,Spaß
function,Funktion
fund,Fonds
fundamental,grundlegend
funding,Finanzierung
funeral,Beerdigung
funny,komisch
furniture,Möbel
furthermore,weiter
future,Zukunft
gain,gewinnen
galaxy,Galaxis
gallery,Galerie
game,Spiel
gang,Gang
gap,Lücke
garage,Garage
garden,Garten
garlic,Knoblauch
gas,Gas
gate,Tor
gather,versammeln
gay,Fröhlich
gaze,Blick
gear,Ausrüstung
gender,Geschlecht
gene,Gen
general,Allgemeines
generally,allgemein
generate,generieren
generation,Generation
genetic,genetisch
gentleman,Gentleman
gently,sanft
German,Deutsch
gesture,Geste
get,erhalten
ghost,Geist
giant,Riese
gift,Geschenk
gifted,begabtes
girl,Mädchen
girlfriend,feste Freundin
give,geben
given,gegeben
glad,froh
glance,Blick
glass,Glas
global,global
glove,Handschuh
go,gehen
goal,Tor
God,Gott
gold,Gold
golden,golden
golf,Golf
good,gut
government,Regierung
governor,Gouverneur
grab,greifen
grade,Klasse
gradually,schrittweise
graduate,Absolvent
grain,Getreide
grand,Grand
grandfather,Großvater
grandmother,Oma
grant,gewähren
grass,Gras
grave,Grab
gray,grau
great,Großartig
greatest,größte
green,grün
grocery,Lebensmittelgeschäft
ground,Boden
group,Gruppe
grow,größer werden
growing,wachsend
growth,Wachstum
guarantee,Garantie
guard,bewachen
guess,erraten
guest,Gast
guide,führen
guideline,Richtlinie
guilty,schuldig
gun,Pistole
guy,Kerl
habit,Gewohnheit
habitat,Lebensraum
hair,Haar
half,halb
hall,Halle
hand,Hand
handful,Hand voll
handle,handhaben
hang,aufhängen
happen,passieren
happy,glücklich
hard,schwer
hardly,kaum
hat,Hut
hate,hassen
have,haben
he,er
head,Kopf
headline,Überschrift
headquarters,Hauptquartier
health,die Gesundheit
healthy,gesund
hear,hören
hearing,Hören
heart,Herz
heat,Wärme
heaven,Himmel
heavily,schwer
heavy,schwer
heel,Hacke
height,Höhe
helicopter,Hubschrauber
hell,Hölle
hello,hallo
help,Hilfe
helpful,hilfreich
her,Sie
here,hier
heritage,Erbe
hero,Held
herself,Sie selber
hey,Hey
hi,hallo
hide,ausblenden
high,hoch
highlight,Markieren
highly,höchst
highway,Autobahn
hill,hügel
him,ihn
himself,selbst
hip,Hüfte
hire,mieten
his,seine
historian,Historiker
historic,historisch
historical,historisch
history,Geschichte
hit,Schlag
hold,halt
hole,Loch
holiday,Ferien
holy,heilig
home,Heimat
homeless,obdachlos
honest,ehrlich
honey,Honig
honor,ehren
hope,Hoffnung
horizon,Horizont
horror,Grusel
horse,Pferd
hospital,Krankenhaus
host,Gastgeber
hot,heiß
hotel,Hotel
hour,Stunde
house,Haus
household,Haushalt
housing,Gehäuse
how,wie
however,jedoch
huge,riesig
human,Mensch
humor,Humor
hundred,hundert
hungry,hungrig
hunter,Jäger
hunting,Jagd
hurt,Schmerz
husband,Ehemann
hypothesis,Hypothese
I,ich
ice,Eis
idea,Idee
ideal,Ideal
identification,Identifikation
identify,identifizieren
identity,Identität
ie,dh
if,wenn
ignore,ignorieren
ill,krank
illegal,illegal
illness,Krankheit
illustrate,veranschaulichen
image,Bild
imagination,Vorstellung
imagine,vorstellen
immediate,sofort
immediately,sofort
immigrant,Immigrant
immigration,Einwanderung
impact,Einschlag
implement,implementieren
implication,Implikation
imply,implizieren
importance,Bedeutung
important,wichtig
impose,auferlegen
impossible,unmöglich
impress,beeindrucken
impression,Eindruck
impressive,beeindruckend
improve,verbessern
improvement,Verbesserung
in,in
incentive,Anreiz
incident,Vorfall
include,enthalten
including,einschließlich
income,Einkommen
incorporate,Übernehmen
increase,Zunahme
increased,erhöht
increasing,zunehmen
increasingly,zunehmend
incredible,unglaublich
indeed,in der Tat
independence,Unabhängigkeit
independent,unabhängig
index,Index
Indian,indisch
indicate,angeben
indication,Indikation
individual,Individuell
industrial,industriell
industry,Industrie
infant,Kleinkind
infection,Infektion
inflation,Inflation
influence,beeinflussen
inform,informieren
information,Information
ingredient,Zutat
initial,Initial
initially,anfänglich
initiative,Initiative
injury,Verletzung
inner,innere
innocent,unschuldig
inquiry,Anfrage
inside,Innerhalb
insight,Einblick
insist,pochen
inspire,inspirieren
install,Installieren
instance,Beispiel
instead,stattdessen
institution,Institution
institutional,institutionell
instruction,Anweisung
instructor,Lehrer
instrument,Instrument
insurance,Versicherung
intellectual,intellektuell
intelligence,Intelligenz
intend,beabsichtigen
intense,heftig
intensity,Intensität
intention,Absicht
interaction,Interaktion
interest,Interesse
interested,interessiert
interesting,interessant
internal,intern
international,International
Internet,Internet
interpret,interpretieren
interpretation,Deutung
intervention,Intervention
interview,Interview
into,hinein
introduce,einführen
introduction,Einleitung
invasion,Invasion
invest,investieren
investigate,untersuchen
investigation,Ermittlung
investigator,Ermittler
investment,Investition
investor,Investor
invite,einladen
involve,einbeziehen
involved,beteiligt
involvement,Beteiligung
Iraqi,irakisch
Irish,irisch
iron,Eisen
Islamic,islamisch
island,Insel
Israeli,israelisch
issue,Ausgabe
it,es
Italian,Italienisch
item,Artikel
its,es ist
itself,selbst
jacket,Jacke
jail,Gefängnis
Japanese,japanisch
jet,Jet
Jew,Jude
Jewish,jüdisch
job,Arbeit
join,beitreten
joint,gemeinsam
joke,scherzen
journal,Tagebuch
journalist,Journalist
journey,Reise
joy,Freude
judge,Richter
judgment,Beurteilung
juice,Saft
jump,springen
junior,Junior
jury,Jury
just,nur
justice,Gerechtigkeit
justify,rechtfertigen
keep,behalten
key,Schlüssel
kick,trete
kid,Kind
kill,töten
killer,Mörder
killing,Tötung
kind,nett
king,König
kiss,Kuss
kitchen,Küche
knee,Knie
knife,Messer
knock,klopfen
know,kennt
knowledge,Wissen
lab,Labor
label,Etikett
labor,Arbeit
laboratory,Labor
lack,Mangel
lady,Dame
lake,See
land,Land
landscape,Landschaft
language,Sprache
lap,Schoß
large,groß
largely,weitgehend
last,letzte
late,spät
later,später
Latin,Latein
latter,letztere
laugh,Lachen
launch,Start
law,Gesetz
lawn,Rasen
lawsuit,Klage
lawyer,Anwalt
lay,legen
layer,Schicht
lead,führen
leader,Führer
leadership,Führung
leading,führend
leaf,Blatt
league,Liga
lean,mager
learn,lernen
learning,Lernen
least,am wenigsten
leather,Leder
leave,verlassen
left,links
leg,Bein
legacy,Erbe
legal,legal
legend,Legende
legislation,Gesetzgebung
legitimate,legitim
lemon,Zitrone
length,Länge
less,weniger
lesson,Lektion
let,Lassen
letter,Buchstabe
level,eben
liberal,Liberale
library,Bibliothek
license,Lizenz
lie,Lüge
life,Leben
lifestyle,Lebensstil
lifetime,Lebensdauer
lift,Aufzug
light,hell
like,wie
likely,wahrscheinlich
limit,Grenze
limitation,Einschränkung
limited,begrenzt
line,Linie
link,Verknüpfung
lip,Lippe
list,aufführen
listen,Hören
literally,buchstäblich
literary,literarisch
literature,Literatur
little,wenig
live,live
living,Leben
load,Belastung
loan,Darlehen
local,lokal
locate,Lokalisieren
location,Lage
lock,sperren
long,lang
long-term,langfristig
look,sehen
loose,lose
lose,verlieren
loss,Verlust
lost,verirrt
lot,viel
lots,viele
loud,laut
love,Liebe
lovely,schön
lover,Liebhaber
low,niedrig
lower,niedriger
luck,Glück
lucky,Glücklich
lunch,Mittagessen
lung,Lunge
machine,Maschine
mad,wütend
magazine,Zeitschrift
mail,Post
main,hauptsächlich
mainly,hauptsächlich
maintain,pflegen
maintenance,Wartung
major,Haupt
majority,mehrheitlich
make,machen
maker,Hersteller
makeup,bilden
male,männlich
mall,Einkaufszentrum
man,Mann
manage,verwalten
management,Management
manager,Manager
manner,Benehmen
manufacturer,Hersteller
manufacturing,Herstellung
many,viele
map,Karte
margin,Rand
mark,Kennzeichen
market,Markt
marketing,Marketing
marriage,die Ehe
married,verheiratet
marry,heiraten
mask,Maske
mass,Masse
massive,fest
master,Meister
match,passen
material,Material
math,Mathematik
matter,Angelegenheit
may,kann
maybe,kann sein
mayor,Bürgermeister
me,mich
meal,Mahlzeit
mean,bedeuten
meaning,Bedeutung
meanwhile,inzwischen
measure,messen
measurement,Messung
meat,Fleisch
mechanism,Mechanismus
media,Medien
medical,medizinisch
medication,Medikation
medicine,Medizin
medium,Mittel
meet,Treffen
meeting,treffen
member,Mitglied
membership,Mitgliedschaft
memory,Erinnerung
mental,mental
mention,nennen
menu,Speisekarte
mere,bloß
merely,nur
mess,Chaos
message,Botschaft
metal,Metall
meter,Meter
method,Methode
Mexican,Mexikaner
middle,Mitte
might,könnte
military,Militär-
milk,Milch
million,Million
mind,Geist
mine,Mine
minister,Minister
minor,unerheblich
minority,Minderheit
minute,Minute
miracle,Wunder
mirror,Spiegel
miss,fehlschlagen
missile,Rakete
mission,Mission
mistake,Fehler
mix,mischen
mixture,Mischung
mm-hmm,MM-HMM
mode,Modus
model,Modell
moderate,mäßig
modern,modern
modest,bescheiden
mom,Mama
moment,Moment
money,Geld
monitor,Monitor
month,Monat
mood,Stimmung
moon,Mond
moral,Moral-
more,mehr
moreover,Außerdem
morning,Morgen
mortgage,Hypothek
most,die meisten
mostly,meist
mother,Mutter
motion,Bewegung
motivation,Motivation
motor,Motor-
mount,montieren
mountain,Berg
mouse,Maus
mouth,Mund
move,Bewegung
movement,Bewegung
movie,Film
Mr,Herr
Mrs,Frau
Ms,MS
much,viel
multiple,mehrere
murder,Mord
muscle,Muskel
museum,Museum
music,Musik
musical,Musical
musician,Musiker
Muslim,Muslim
must,muss
mutual,gegenseitig
my,mein
myself,mich selbst
mystery,Geheimnis
myth,Mythos
naked,nackt
name,Name
narrative,Narrativ
narrow,eng
nation,Nation
national,National
native,einheimisch
natural,natürlich
naturally,natürlich
nature,Natur
near,nahe
nearby,in der Nähe
nearly,fast
necessarily,Notwendig
necessary,notwendig
neck,Nacken
need,brauchen
negative,Negativ
negotiate,verhandeln
negotiation,Verhandlung
neighbor,Nachbar
neighborhood,Nachbarschaft
neither,weder
nerve,Nerv
nervous,nervös
net,Netz
network,Netzwerk
never,noch nie
nevertheless,Dennoch
new,Neu
newly,neu
news,Nachrichten
newspaper,Zeitung
next,nächste
nice,Hübsch
night,Nacht
nine,neun
no,nein
nobody,niemand
nod,nicken
noise,Lärm
nomination,Nominierung
none,keiner
nonetheless,dennoch
nor,Noch
normal,normal
normally,normalerweise
north,Norden
northern,Nord
nose,Nase
not,nicht
note,Hinweis
nothing,nichts
notice,Notiz
notion,Vorstellung
novel,Roman
now,jetzt
nowhere,nirgends
n't,n't
nuclear,Nuklear
number,Nummer
numerous,zahlreich
nurse,Krankenschwester
nut,Mutter
object,Objekt
objective,Zielsetzung
obligation,Verpflichtung
observation,Überwachung
observe,beobachten
observer,Beobachter
obtain,erhalten
obvious,offensichtlich
obviously,offensichtlich
occasion,Gelegenheit
occasionally,gelegentlich
occupation,Besetzung
occupy,besetzen
occur,geschehen
ocean,Ozean
odd,seltsam
odds,Chancen
of,von
off,aus
offense,Delikt
offensive,beleidigend
offer,Angebot
office,Büro
officer,Offizier
official,offiziell
often,häufig
oh,oh
oil,Öl
ok,OK
okay,okay
old,alt
Olympic,olympisch
on,an
once,einmal
one,eines
ongoing,laufend
onion,Zwiebel
online,online
only,nur
onto,auf zu
open,offen
opening,Öffnung
operate,arbeiten
operating,Betriebs
operation,Betrieb
operator,Operator
opinion,Meinung
opponent,Gegner
opportunity,Gelegenheit
oppose,ablehnen
opposite,Gegenteil
opposition,Opposition
option,Möglichkeit
or,oder
orange,Orange
order,bestellen
ordinary,gewöhnliche
organic,organisch
organization,Organisation
organize,organisieren
orientation,Orientierung
origin,Ursprung
original,Original
originally,ursprünglich
other,Sonstiges
others,Andere
otherwise,Andernfalls
ought,sollen
our,unser
ourselves,uns selbst
out,aus
outcome,Ergebnis
outside,außen
oven,Ofen
over,Über
overall,gesamt
overcome,überwinden
overlook,übersehen
owe,verdanken
own,besitzen
owner,Eigentümer
pace,Tempo
pack,Pack
package,Paket
page,Seite
pain,Schmerzen
painful,schmerzlich
paint,Farbe
painter,Maler
painting,Malerei
pair,Paar
pale,blass
Palestinian,palästinensisch
palm,Palme
pan,Pfanne
panel,Panel
pant,keuchen
paper,Papier
parent,Elternteil
park,Park
parking,Parken
part,Teil
participant,Teilnehmer
participate,sich beteiligen
participation,Beteiligung
particular,besondere
particularly,im Speziellen
partly,teilweise
partner,Partner
partnership,Partnerschaft
party,Party
pass,passieren
passage,Passage
passenger,Passagier
passion,Hingabe
past,vorbei an
patch,Patch
path,Weg
patient,Geduldig
pattern,Muster
pause,Pause
pay,Zahlen
payment,Zahlung
PC,PC
peace,Frieden
peak,Gipfel
peer,Peer
penalty,Strafe
people,Personen
pepper,Pfeffer
per,pro
perceive,wahrnehmen
percentage,Prozentsatz
perception,Wahrnehmung
perfect,perfekt
perfectly,perfekt
perform,ausführen
performance,Leistung
perhaps,vielleicht
period,Zeitraum
permanent,dauerhaft
permission,Genehmigung
permit,erlauben
person,Person
personal,persönlich
personality,Persönlichkeit
personally,persönlich
personnel,Personal
perspective,Perspektive
persuade,überreden
pet,Haustier
phase,Phase
phenomenon,Phänomen
philosophy,Philosophie
phone,Telefon
photo,Foto
photograph,Foto
photographer,Fotograf
phrase,Phrase
physical,physisch
physically,physisch
physician,Arzt
piano,Klavier
pick,wählen
picture,Bild
pie,Kuchen
piece,Stück
pile,Haufen
pilot,Pilot
pine,Kiefer
pink,rosa
pipe,Rohr
pitch,Tonhöhe
place,Platz
plan,planen
plane,Flugzeug
planet,Planet
planning,Planung
plant,Pflanze
plastic,Plastik
plate,Teller
platform,Plattform
play,abspielen
player,Spieler
please,bitte
pleasure,Vergnügen
plenty,eine Menge
plot,Handlung
plus,Plus
PM,PM
pocket,Tasche
poem,Gedicht
poet,Dichter
poetry,Poesie
point,Punkt
pole,Pole
police,Polizei
policy,Politik
political,politisch
politically,politisch
politician,Politiker
politics,Politik
poll,Umfrage
pollution,Umweltverschmutzung
pool,Schwimmbad
poor,Arm
pop,Pop
popular,Beliebt
population,Population
porch,Vorbau
port,Hafen
portion,Portion
portrait,Porträt
portray,porträtieren
pose,Pose
position,Position
positive,positiv
possess,besitzen
possibility,Wahrscheinlichkeit
possible,möglich
possibly,möglicherweise
post,Post
pot,Topf
potato,Kartoffel
potential,Potenzial
potentially,möglicherweise
pound,Pfund
pour,gießen
poverty,Armut
powder,Pulver
power,Energie
powerful,kraftvoll
practical,praktisch
practice,trainieren
pray,beten
prayer,Gebet
precisely,genau
predict,vorhersagen
prefer,vorziehen
preference,Präferenz
pregnancy,Schwangerschaft
pregnant,schwanger
preparation,Vorbereitung
prepare,vorbereiten
prescription,Verschreibung
presence,Gegenwart
present,gegenwärtig
presentation,Präsentation
preserve,bewahren
president,Präsident
presidential,Präsidentschaft
press,Drücken Sie
pressure,Druck
pretend,so tun als ob
pretty,hübsch
prevent,verhindern
previous,früher
previously,bisher
price,Preis
pride,Stolz
priest,Priester
primarily,in erster Linie
primary,primär
prime,Prime
principal,Rektor
principle,Prinzip
print,drucken
prior,frühere
priority,Priorität
prison,Gefängnis
prisoner,Häftling
privacy,Privatsphäre
private,Privatgelände
probably,wahrscheinlich
problem,Problem
procedure,Verfahren
proceed,verlaufen
process,Prozess
produce,produzieren
producer,Hersteller
product,Produkt
production,Produktion
profession,Beruf
professional,Fachmann
professor,Professor
profile,Profil
profit,profitieren
program,Programm
progress,Fortschritt
project,Projekt
prominent,prominent
promise,versprechen
promote,fördern
prompt,prompt
proof,nachweisen
proper,richtig
properly,richtig
property,Eigentum
proportion,Anteil
proposal,Vorschlag
propose,vorschlagen
proposed,vorgeschlagen
prosecutor,Staatsanwalt
prospect,Aussicht
protect,beschützen
protection,Schutz
protein,Protein
protest,Protest
proud,stolz
prove,beweisen
provide,zur Verfügung stellen
provider,Anbieter
province,Provinz
provision,Bestimmung
psychological,psychologisch
psychologist,Psychologe
psychology,Psychologie
public,Öffentlichkeit
publication,Veröffentlichung
publicly,öffentlich
publish,veröffentlichen
publisher,Verleger
pull,ziehen
punishment,Bestrafung
purchase,kaufen
pure,rein
purpose,Zweck
pursue,verfolgen
push,drücken
put,stellen
qualify,qualifizieren
quality,Qualität
quarter,Quartal
quarterback,Quarterback
question,Frage
quick,schnell
quickly,schnell
quiet,ruhig
quietly,ruhig
quit,Verlassen
quite,ziemlich
quote,zitieren
race,Rennen
racial,rassistisch
radical,Radikale
radio,Radio
rail,Schiene
rain,Regen
raise,heben
range,Angebot
rank,Rang
rapid,schnell
rapidly,schnell
rare,Selten
rarely,selten
rate,Bewertung
rather,eher
rating,Bewertung
ratio,Verhältnis
raw,roh
reach,erreichen
react,reagieren
reaction,Reaktion
read,lesen
reader,Leser
reading,lesen
ready,bereit
real,real
reality,Wirklichkeit
realize,realisieren
really,Ja wirklich
reason,Grund
reasonable,angemessen
recall,abrufen
receive,erhalten
recent,jüngste
recently,in letzter Zeit
recipe,Rezept
recognition,Erkennung
recognize,erkenne
recommend,empfehlen
recommendation,Empfehlung
record,Aufzeichnung
recording,Aufzeichnung
recover,genesen
recovery,Wiederherstellung
recruit,rekrutieren
red,rot
reduce,reduzieren
reduction,die Ermäßigung
refer,verweisen
reference,Hinweis
reflect,reflektieren
reflection,Betrachtung
reform,Reform
refugee,Flüchtling
refuse,sich weigern
regard,betrachten
regarding,bezüglich
regardless,trotzdem
regime,Regime
region,Region
regional,regional
register,registrieren
regular,regulär
regularly,regelmäßig
regulate,regulieren
regulation,Verordnung
reinforce,verstärken
reject,ablehnen
relate,betreffen
relation,Beziehung
relationship,Beziehung
relative,relativ
relatively,verhältnismäßig
relax,Entspannen Sie sich
release,Veröffentlichung
relevant,relevant
relief,Hilfe
religion,Religion
religious,religiös
rely,vertrauen
remain,bleiben übrig
remaining,verblieben
remarkable,bemerkenswert
remember,denken Sie daran
remind,erinnern
remote,Fernbedienung
remove,Löschen
repeat,wiederholen
repeatedly,wiederholt
replace,ersetzen
reply,Antwort
report,Bericht
reporter,Reporter
represent,vertreten
representation,Darstellung
representative,Vertreter
Republican,Republikaner
reputation,Ruf
request,Anfrage
require,benötigen
requirement,Erfordernis
research,Forschung
researcher,Forscher
resemble,ähneln
reservation,Reservierung
resident,Bewohner
resist,widerstehen
resistance,Widerstand
resolution,Auflösung
resolve,beschließen
resort,Resort
resource,Ressource
respect,Respekt
respond,antworten
respondent,Befragter
response,Antwort
responsibility,Verantwortung
responsible,verantwortlich
rest,sich ausruhen
restaurant,Restaurant
restore,wiederherstellen
restriction,Beschränkung
result,Ergebnis
retain,zuückbehalten
retire,ausscheiden
retirement,Ruhestand
return,Rückkehr
reveal,aufdecken
revenue,Einnahmen
review,Rezension
revolution,Revolution
rhythm,Rhythmus
rice,Reis
rich,Reich
rid,loswerden
ride,Reiten
rifle,Gewehr
right,Rechts
ring,Ring
rise,Aufstieg
risk,Risiko
river,Fluss
road,Straße
rock,Felsen
role,Rolle
roll,rollen
romantic,romantisch
roof,Dach
room,Zimmer
root,Wurzel
rope,Seil
rose,Rose
rough,Rau
roughly,grob
round,runden
route,Route
routine,Routine
row,die Zeile
rub,reiben
rule,Regel
run,Lauf
running,laufend
rural,ländlich
rush,sich beeilen
Russian,Russisch
sacred,heilig
sad,traurig
safe,sicher
safety,Sicherheit
sake,Sake
salad,Salat
salary,Gehalt
sale,Verkauf
sales,Verkauf
salt,Salz
same,gleich
sample,Probe
sanction,Sanktion
sand,Sand
satellite,Satellit
satisfaction,Befriedigung
satisfy,erfüllen
sauce,Soße
save,sparen
saving,sparen
say,sagen
scale,Skala
scandal,Skandal
scared,erschrocken
scenario,Szenario
scene,Szene
schedule,zeitlicher Ablauf
scheme,planen
scholar,Gelehrte
scholarship,Stipendium
school,Schule
science,Wissenschaft
scientific,wissenschaftlich
scientist,Wissenschaftler
scope,Umfang
score,Punktzahl
scream,Schrei
screen,Bildschirm
script,Skript
sea,Meer
search,Suche
season,Jahreszeit
seat,Sitz
second,zweite
secret,Geheimnis
secretary,Sekretär
section,Sektion
sector,Sektor
secure,sicher
security,Sicherheit
see,sehen
seed,Samen
seek,suchen
seem,erscheinen
segment,Segment
seize,ergreifen
select,auswählen
selection,Auswahl
self,selbst
sell,verkaufen
Senate,Senat
senator,Senator
send,senden
senior,Senior
sense,Sinn
sensitive,empfindlich
sentence,Satz
separate,getrennt
sequence,Reihenfolge
series,Serie
serious,ernst
seriously,Ernsthaft
serve,Dienen
service,Service
session,Sitzung
set,einstellen
setting,Einstellung
settle,siedeln
settlement,Siedlung
seven,Sieben
several,mehrere
severe,schwer
sex,Sex
sexual,sexuell
shade,Schatten
shadow,Schatten
shake,Shake
shall,soll
shape,Form
share,Teilen
sharp,Scharf
she,sie
sheet,Blech
shelf,Regal
shell,Hülse
shelter,Schutz
shift,Wechsel
shine,scheinen
ship,Schiff
shirt,Shirt
shit,Scheisse
shock,Schock
shoe,Schuh
shoot,schießen
shooting,Schießen
shop,Geschäft
shopping,Einkaufen
shore,Ufer
short,kurz
shortly,in Kürze
shot,Schuss
should,sollte
shoulder,Schulter
shout,schreien
show,Show
shower,Dusche
shrug,zucken
shut,schließen
sick,krank
side,Seite
sigh,seufzen
sight,Sicht
sign,Schild
signal,Signal
significance,Bedeutung
significant,von Bedeutung
significantly,bedeutend
silence,Schweigen
silent,Leise
silver,Silber-
similar,ähnlich
similarly,ähnlich
simple,einfach
simply,einfach
sin,Sünde
since,seit
sing,singen
singer,Sänger
single,Single
sink,Waschbecken
sir,Herr
sister,Schwester
sit,mach Sitz
site,Seite? ˅
situation,Lage
six,sechs
size,Größe
ski,Ski
skill,Können
skin,Haut
sky,Himmel
slave,Sklave
sleep,schlafen
slice,Scheibe
slide,gleiten
slight,leicht
slightly,leicht
slip,Unterhose
slow,langsam
slowly,langsam
small,klein
smart,Clever
smell,Geruch
smile,lächeln
smoke,Rauch
smooth,glatt
snap,Schnappnahme
snow,Schnee
so,Also
so-called,sogenannt
soccer,Fußball
social,Sozial
society,Gesellschaft
soft,Sanft
software,Software
soil,Boden
solar,Solar-
soldier,Soldat
solid,fest
solution,Lösung
solve,lösen
some,etwas
somebody,jemand
somehow,irgendwie
someone,jemand
something,etwas
sometimes,manchmal
somewhat,etwas
somewhere,irgendwo
son,Sohn
song,Lied
soon,demnächst
sophisticated,anspruchsvoll
sorry,Verzeihung
sort,Sortieren
soul,Seele
sound,Klang
soup,Suppe
source,Quelle
south,Süden
southern,Süd-
Soviet,Sowjet
space,Platz
Spanish,Spanisch
speak,sprechen
speaker,Lautsprecher
special,Besondere
specialist,Spezialist
species,Spezies
specific,Spezifisch
specifically,speziell
speech,Rede
speed,Geschwindigkeit
spend,verbringen
spending,Ausgaben
spin,drehen
spirit,Geist
spiritual,spirituell
split,Teilt
spokesman,Sprecher
sport,Sport
spot,Stelle
spread,Verbreitung
spring,Frühling
square,Quadrat
squeeze,drücken
stability,Stabilität
stable,stabil
staff,Mitarbeiter
stage,Bühne
stair,Treppe
stake,Einsatz
stand,Stand
standard,Standard
standing,Stehen
star,Stern
stare,starren
start,Anfang
state,Zustand
statement,Aussage
station,Bahnhof
statistics,Statistiken
status,Status
stay,bleibe
steady,stetig
steal,stehlen
steel,Stahl
step,Schritt
stick,Stock
still,still
stir,Aufsehen
stock,Lager
stomach,Magen
stone,Stein
stop,Pause
storage,Lagerung
store,Laden
storm,Sturm
story,Geschichte
straight,gerade
strange,seltsam
stranger,Fremder
strategic,strategisch
strategy,Strategie
stream,Strom
street,Straße
strength,Stärke
strengthen,stärken
stress,betonen
stretch,strecken
strike,schlagen
string,Saite
strip,Streifen
stroke,streicheln
strong,stark
strongly,stark
structure,Struktur
struggle,Kampf
student,Schüler
studio,Studio
study,lernen
stuff,Sachen
stupid,dumm
style,Stil
subject,Thema
submit,einreichen
subsequent,anschließend
substance,Substanz
substantial,substanziell
succeed,erfolgreich
success,Erfolg
successful,erfolgreich
successfully,erfolgreich
such,eine solche
sudden,plötzlich
suddenly,plötzlich
sue,verklagen
suffer,leiden
sufficient,reicht aus
sugar,Zucker
suggest,empfehlen
suggestion,Anregung
suicide,Selbstmord
suit,passen
summer,Sommer
summit,Gipfel
sun,Sonne
super,super
supply,liefern
support,Unterstützung
supporter,Fan
suppose,vermuten
supposed,soll
Supreme,Höchste
sure,sicher
surely,sicherlich
surface,auftauchen
surgery,Chirurgie
surprise,Überraschung
surprised,überrascht
surprising,überraschend
surprisingly,überraschenderweise
surround,umgeben
survey,Umfrage
survival,Überleben
survive,überleben
survivor,Überlebende
suspect,vermuten
sustain,erhalten
swear,schwören
sweep,fegen
sweet,süß
swim,schwimmen
swing,schwingen
switch,Schalter
symbol,Symbol
symptom,Symptom
system,System
table,Tisch
tablespoon,Esslöffel
tactic,Taktik
tail,Schwanz
take,nehmen
tale,Geschichte
talent,Talent
talk,sich unterhalten
tall,hoch
tank,Panzer
tap,klopfen
tape,Band
target,Ziel
task,Aufgabe
taste,Geschmack
tax,MwSt
taxpayer,Steuerzahler
tea,Tee
teach,unterrichten
teacher,Lehrer
teaching,Lehren
team,Mannschaft
tear,Träne
teaspoon,Teelöffel
technical,technisch
technique,Technik
technology,Technologie
teen,Teenager
teenager,Teenager
telephone,Telefon
telescope,Teleskop
television,Fernsehen
tell,erzählen
temperature,Temperatur
temporary,vorübergehend
ten,zehn
tend,neigen
tendency,Tendenz
tennis,Tennis
tension,Spannung
tent,Zelt
term,Begriff
terms,Bedingungen
terrible,abscheulich
territory,Gebiet
terror,Terror
terrorism,Terrorismus
terrorist,Terrorist
test,Prüfung
testify,bezeugen
testimony,Zeugnis
testing,testen
text,Text
than,als
thank,danken
thanks,Danke
that,das
the,das
theater,Theater
their,ihr
them,Sie
theme,Thema
themselves,sich
then,dann
theory,Theorie
therapy,Therapie
there,dort
therefore,deshalb
these,diese
they,sie
thick,dick
thin,dünn
thing,Ding
think,denken
thinking,Denken
third,dritte
thirty,dreißig
this,Dies
those,diese
though,obwohl
thought,Gedanke
thousand,tausend
threat,Drohung
threaten,drohen
three,drei
throat,Kehle
through,durch
throughout,hindurch
throw,Wurf
thus,daher
ticket,Fahrkarte
tie,binden
tight,fest
time,Zeit
tiny,sehr klein
tip,Tipp
tire,Reifen
tired,müde
tissue,Gewebe
title,Titel
to,zu
tobacco,Tabak
today,heute
toe,Zehe
together,zusammen
tomato,Tomate
tomorrow,Morgen
tone,Ton
tongue,Zunge
tonight,heute Abend
too,zu
tool,Werkzeug
tooth,Zahn
top,oben
topic,Thema
toss,werfen
total,gesamt
totally,total
touch,berühren
tough,hart
tour,Tour
tourist,Tourist
tournament,Turnier
toward,zu
towards,gegenüber
tower,Turm
town,"Stadt, Dorf"
toy,Spielzeug
trace,verfolgen
track,Spur
trade,handeln
tradition,Tradition
traditional,traditionell
traffic,Verkehr
tragedy,Tragödie
trail,Pfad
train,Zug
training,Ausbildung
transfer,Transfer
transform,verwandeln
transformation,Transformation
transition,Überleitung
translate,Übersetzen
transportation,Transport
travel,reisen
treat,behandeln
treatment,Behandlung
treaty,Vertrag
tree,Baum
tremendous,enorm
trend,Trend
trial,Studie
tribe,Stamm
trick,Trick
trip,Reise
troop,Trupp
trouble,Problem
truck,LKW
TRUE,STIMMT
truly,wirklich
trust,vertrauen
truth,Wahrheit
try,Versuchen
tube,Rohr
tunnel,Tunnel
turn,drehen
TV,Fernseher
twelve,zwölf
twenty,zwanzig
twice,zweimal
twin,Zwilling
two,zwei
type,Typ
typical,typisch
typically,Normalerweise
ugly,hässlich
ultimate,ultimativ
ultimately,letzten Endes
unable,unfähig
uncle,Onkel
under,unter
undergo,unterziehen
understand,verstehe
understanding,Verständnis
unfortunately,Unglücklicherweise
uniform,Uniform
union,Union
unique,einzigartig
unit,Einheit
United,Vereinigt
universal,Universal-
universe,Universum
university,Universität
unknown,Unbekannt
unless,wenn nicht
unlike,nicht wie
unlikely,unwahrscheinlich
until,bis um
unusual,ungewöhnlich
up,hoch
upon,auf
upper,"Oberer, höher"
urban,urban
urge,Drang
us,uns
use,verwenden
used,Gebraucht
useful,nützlich
user,Benutzer
usual,üblich
usually,normalerweise
utility,Dienstprogramm
vacation,Urlaub
valley,Senke
valuable,wertvoll
value,Wert
variable,Variable
variation,Variation
variety,Vielfalt
various,verschiedene
vary,variieren
vast,groß
vegetable,Gemüse
vehicle,Fahrzeug
venture,wagen
version,Ausführung
versus,gegen
very,sehr
vessel,Schiff
veteran,Veteran
via,über
victim,Opfer
victory,Sieg
video,Video
view,Aussicht
viewer,Zuschauer
village,Dorf
violate,verletzen
violation,Verstoß
violence,Gewalt
violent,heftig
virtually,virtuell
virtue,Tugend
virus,Virus
visible,sichtbar
vision,Vision
visit,Besuch
visitor,Besucher
visual,visuell
vital,vital
voice,Stimme
volume,Volumen
volunteer,Freiwillige
vote,Abstimmung
voter,Wähler
vs,vs
vulnerable,verletzlich
wage,Lohn
wait,Warten
wake,aufwachen
walk,Spaziergang
wall,Mauer
wander,wandern
want,wollen
war,Krieg
warm,warm
warn,warnen
warning,Warnung
wash,waschen
waste,Abfall
watch,Uhr
water,Wasser
wave,Welle
way,Weg
we,wir
weak,schwach
wealth,Vermögen
wealthy,reich
weapon,Waffe
wear,tragen
weather,Wetter
wedding,Hochzeit
week,Woche
weekend,Wochenende
weekly,wöchentlich
weigh,wiegen
weight,Gewicht
welcome,willkommen
welfare,Wohlfahrt
well,Gut
west,Westen
western,Western
wet,nass
what,was
whatever,wie auch immer
wheel,Rad
when,Wenn
whenever,Wann immer
where,wo
whereas,wohingegen
whether,ob
which,die
while,während
whisper,flüstern
white,Weiß
who,wer
whole,ganz
whom,dem
whose,Deren
why,warum
wide,breit
widely,weit
widespread,weit verbreitet
wife,Ehefrau
wild,wild
will,Wille
willing,bereit
win,gewinnen
wind,Wind
window,Fenster
wine,Wein
wing,Flügel
winner,Gewinner
winter,Winter
wipe,wischen
wire,Kabel
wisdom,Weisheit
wise,weise
wish,Wunsch
with,mit
withdraw,abheben
within,innerhalb
without,ohne
witness,Zeuge
woman,Frau
wonder,sich fragen
wonderful,wunderbar
wood,Holz
wooden,hölzern
word,Wort
work,Arbeit
worker,Arbeiter
working,Arbeiten
works,Arbeiten
workshop,Werkstatt
world,Welt
worried,besorgt
worry,Sorge
worth,Wert
would,möchten
wound,Wunde
wrap,wickeln
write,schreiben
writer,Schriftsteller
writing,Schreiben
wrong,falsch
yard,Hof
yeah,ja
year,Jahr
yell,Schrei
yellow,gelb
yes,Jawohl
yesterday,gestern
yet,noch
yield,Ertrag
you,Sie
young,jung
your,dein
yours,deine
yourself,dich selbst
youth,Jugend
zone,Zone